Date,TSLA Count
2020-04-01,427
2020-04-02,1199
2020-04-03,558
2020-04-04,168
2020-04-05,147
2020-04-06,242
2020-04-07,260
2020-04-08,226
2020-04-09,408
2020-04-10,183
2020-04-11,83
2020-04-12,167
2020-04-13,1887
2020-04-14,2979
2020-04-15,1790
2020-04-16,1344
2020-04-17,817
2020-04-18,702
2020-04-19,2124
2020-04-20,1158
2020-04-21,1145
2020-04-22,1174
2020-04-23,979
2020-04-24,635
2020-04-25,272
2020-04-26,431
2020-04-27,1317
2020-04-28,906
2020-04-29,2279
2020-04-30,1828
2020-05-01,3470
2020-05-02,882
2020-05-03,808
2020-05-04,1835
2020-05-05,1138
2020-05-06,755
2020-05-07,1027
2020-05-08,838
2020-05-09,713
2020-05-10,594
2020-05-11,1233
2020-05-12,1071
2020-05-13,976
2020-05-14,835
2020-05-15,648
2020-05-16,237
2020-05-17,303
2020-05-18,530
2020-05-19,379
2020-05-20,377
2020-05-21,541
2020-05-22,518
2020-05-23,234
2020-05-24,198
2020-05-25,241
2020-05-26,503
2020-05-27,998
2020-05-28,462
2020-05-29,557
2020-05-30,655
2020-05-31,393
2020-06-01,1132
2020-06-02,781
2020-06-03,563
2020-06-04,456
2020-06-05,343
2020-06-06,149
2020-06-07,163
2020-06-08,1397
2020-06-09,807
2020-06-10,1982
2020-06-11,1181
2020-06-12,939
2020-06-13,267
2020-06-14,301
2020-06-15,878
2020-06-16,688
2020-06-17,614
2020-06-18,649
2020-06-19,500
2020-06-20,218
2020-06-21,215
2020-06-22,339
2020-06-23,322
2020-06-24,554
2020-06-25,557
2020-06-26,390
2020-06-27,169
2020-06-28,217
2020-06-29,417
2020-06-30,1631
2020-07-01,1972
2020-07-02,2607
2020-07-03,976
2020-07-04,476
2020-07-05,873
2020-07-06,4980
2020-07-07,3423
2020-07-08,2394
2020-07-09,1527
2020-07-10,3816
2020-07-11,1578
2020-07-12,1503
2020-07-13,6851
2020-07-14,2939
2020-07-15,3420
2020-07-16,1774
2020-07-17,1524
2020-07-18,704
2020-07-19,631
2020-07-20,2334
2020-07-21,2918
2020-07-22,5958
2020-07-23,2615
2020-07-24,1758
2020-07-25,533
2020-07-26,445
2020-07-27,1263
2020-07-28,990
2020-07-29,776
2020-07-30,796
2020-07-31,915
2020-08-01,305
2020-08-02,460
2020-08-03,591
2020-08-04,581
2020-08-05,505
2020-08-06,552
2020-08-07,667
2020-08-08,226
2020-08-09,247
2020-08-10,624
2020-08-11,1824
2020-08-12,2783
2020-08-13,2876
2020-08-14,1271
2020-08-15,389
2020-08-16,589
2020-08-17,3491
2020-08-18,3664
2020-08-19,2050
2020-08-20,4868
2020-08-21,3957
2020-08-22,1091
2020-08-23,1250
2020-08-24,3051
2020-08-25,2209
2020-08-26,1892
2020-08-27,2829
2020-08-28,2928
2020-08-29,1107
2020-08-30,1475
2020-08-31,6719
2020-09-01,7066
2020-09-02,6596
2020-09-03,5428
2020-09-04,4318
2020-09-05,1164
2020-09-06,915
2020-09-07,1165
2020-09-08,4857
2020-09-09,2416
2020-09-10,2093
2020-09-11,1385
2020-09-12,472
2020-09-13,439
2020-09-14,2541
2020-09-15,3609
2020-09-16,2433
2020-09-17,1303
2020-09-18,2512
2020-09-19,666
2020-09-20,1100
2020-09-21,886
2020-09-22,4559
2020-09-23,3356
2020-09-24,1412
2020-09-25,932
2020-09-26,341
2020-09-27,348
2020-09-28,1040
2020-09-29,1055
2020-09-30,646
2020-10-01,1036
2020-10-02,1246
2020-10-03,283
2020-10-04,395
2020-10-05,821
2020-10-06,756
2020-10-07,841
2020-10-08,794
2020-10-09,482
2020-10-10,286
2020-10-11,310
2020-10-12,687
2020-10-13,709
2020-10-14,1138
2020-10-15,827
2020-10-16,775
2020-10-17,394
2020-10-18,522
2020-10-19,269
2020-10-20,1232
2020-10-21,2540
2020-10-22,1394
2020-10-23,839
2020-10-24,271
2020-10-25,287
2020-10-26,486
2020-10-27,460
2020-10-28,468
2020-10-29,436
2020-10-30,538
2020-10-31,181
2020-11-01,171
2020-11-02,397
2020-11-03,479
2020-11-04,534
2020-11-05,0
2020-11-06,183
2020-11-07,226
2020-11-08,263
2020-11-09,586
2020-11-10,463
2020-11-11,464
2020-11-12,713
2020-11-13,925
2020-11-14,409
2020-11-15,403
2020-11-16,2861
2020-11-17,2513
2020-11-18,3155
2020-11-19,2556
2020-11-20,1438
2020-11-21,516
2020-11-22,546
2020-11-23,1784
2020-11-24,2556
2020-11-25,2112
2020-11-26,822
2020-11-27,1500
2020-11-28,630
2020-11-29,867
2020-11-30,2952
2020-12-01,2081
2020-12-02,2786
2020-12-03,990
2020-12-04,1830
2020-12-05,951
2020-12-06,756
2020-12-07,3287
2020-12-08,3943
2020-12-09,3619
2020-12-10,3197
2020-12-11,1649
2020-12-12,651
2020-12-13,824
2020-12-14,1688
2020-12-15,1716
2020-12-16,1653
2020-12-17,2200
2020-12-18,5302
2020-12-19,1103
2020-12-20,1253
2020-12-21,2436
2020-12-22,2107
2020-12-23,1189
2020-12-24,879
2020-12-25,518
2020-12-26,360
2020-12-27,648
2020-12-28,930
2020-12-29,641
2020-12-30,1619
2020-12-31,2175
2021-01-01,548
2021-01-02,927
2021-01-03,695
2021-01-04,1488
2021-01-05,2122
2021-01-06,2218
2021-01-07,5242
2021-01-08,7564
2021-01-09,2734
2021-01-10,2715
2021-01-11,5035
2021-01-12,3397
2021-01-13,2859
2021-01-14,2411
2021-01-15,1623
2021-01-16,671
2021-01-17,632
2021-01-18,786
2021-01-19,1499
2021-01-20,1690
2021-01-21,1405
2021-01-22,1883
2021-01-23,828
2021-01-24,194
2021-01-25,198
2021-01-26,49
2021-01-27,2663
2021-01-28,2154
2021-01-29,2279
2021-01-30,1782
2021-01-31,1889
2021-02-01,1664
2021-02-02,1865
2021-02-03,804
2021-02-04,83
2021-02-05,0
2021-02-06,0
2021-02-07,115
2021-02-08,928
2021-02-09,640
2021-02-10,1726
2021-02-11,1471
2021-02-12,1628
2021-02-13,635
2021-02-14,414
2021-02-15,786
2021-02-16,355
2021-02-17,779
2021-02-18,837
2021-02-19,771
2021-02-20,477
2021-02-21,515
2021-02-22,2388
2021-02-23,3021
2021-02-24,1832
2021-02-25,1833
2021-02-26,1256
2021-02-27,28
2021-02-28,0
2021-03-01,0
2021-03-02,939
2021-03-03,1337
2021-03-04,1451
2021-03-05,3
2021-03-06,0
2021-03-07,399
2021-03-08,1491
2021-03-09,2404
2021-03-10,1527
2021-03-11,1268
2021-03-12,916
2021-03-13,336
2021-03-14,351
2021-03-15,692
2021-03-16,874
2021-03-17,373
2021-03-18,0
2021-03-19,0
2021-03-20,0
2021-03-21,0
2021-03-22,0
2021-03-23,0
2021-03-24,0
2021-03-25,0
2021-03-26,0
2021-03-27,101
2021-03-28,400
2021-03-29,892
2021-03-30,1032
2021-03-31,1066
2021-04-01,1372
2021-04-02,823
2021-04-03,304
2021-04-04,537
2021-04-05,1737
2021-04-06,686
2021-04-07,846
2021-04-08,622
2021-04-09,403
2021-04-10,0
2021-04-11,0
2021-04-12,0
2021-04-13,40
2021-04-14,1737
2021-04-15,982
2021-04-16,525
2021-04-17,159
2021-04-18,529
2021-04-19,931
2021-04-20,629
2021-04-21,503
2021-04-22,364
