Date,TSLA_Count
4/1/2020,427
4/2/2020,1199
4/3/2020,558
4/6/2020,242
4/7/2020,260
4/8/2020,226
4/9/2020,408
4/13/2020,1887
4/14/2020,2979
4/15/2020,1790
4/16/2020,1344
4/17/2020,817
4/20/2020,1158
4/21/2020,1145
4/22/2020,1174
4/23/2020,979
4/24/2020,635
4/27/2020,1317
4/28/2020,906
4/29/2020,2279
4/30/2020,1828
5/1/2020,3470
5/4/2020,1835
5/5/2020,1138
5/6/2020,755
5/7/2020,1027
5/8/2020,838
5/11/2020,1233
5/12/2020,1071
5/13/2020,976
5/14/2020,835
5/15/2020,648
5/18/2020,530
5/19/2020,379
5/20/2020,377
5/21/2020,541
5/22/2020,518
5/26/2020,503
5/27/2020,998
5/28/2020,462
5/29/2020,557
6/1/2020,1132
6/2/2020,781
6/3/2020,563
6/4/2020,456
6/5/2020,343
6/8/2020,1397
6/9/2020,807
6/10/2020,1982
6/11/2020,1181
6/12/2020,939
6/15/2020,878
6/16/2020,688
6/17/2020,614
6/18/2020,649
6/19/2020,500
6/22/2020,339
6/23/2020,322
6/24/2020,554
6/25/2020,557
6/26/2020,390
6/29/2020,417
6/30/2020,1631
7/1/2020,1972
7/2/2020,2607
7/6/2020,4980
7/7/2020,3423
7/8/2020,2394
7/9/2020,1527
7/10/2020,3816
7/13/2020,6851
7/14/2020,2939
7/15/2020,3420
7/16/2020,1774
7/17/2020,1524
7/20/2020,2334
7/21/2020,2918
7/22/2020,5958
7/23/2020,2615
7/24/2020,1758
7/27/2020,1263
7/28/2020,990
7/29/2020,776
7/30/2020,796
7/31/2020,915
8/3/2020,591
8/4/2020,581
8/5/2020,505
8/6/2020,552
8/7/2020,667
8/10/2020,624
8/11/2020,1824
8/12/2020,2783
8/13/2020,2876
8/14/2020,1271
8/17/2020,3491
8/18/2020,3664
8/19/2020,2050
8/20/2020,4868
8/21/2020,3957
8/24/2020,3051
8/25/2020,2209
8/26/2020,1892
8/27/2020,2829
8/28/2020,2928
8/31/2020,6719
9/1/2020,7066
9/2/2020,6596
9/3/2020,5428
9/4/2020,4318
9/8/2020,4857
9/9/2020,2416
9/10/2020,2093
9/11/2020,1385
9/14/2020,2541
9/15/2020,3609
9/16/2020,2433
9/17/2020,1303
9/18/2020,2512
9/21/2020,886
9/22/2020,4559
9/23/2020,3356
9/24/2020,1412
9/25/2020,932
9/28/2020,1040
9/29/2020,1055
9/30/2020,646
10/1/2020,1036
10/2/2020,1246
10/5/2020,821
10/6/2020,756
10/7/2020,841
10/8/2020,794
10/9/2020,482
10/12/2020,687
10/13/2020,709
10/14/2020,1138
10/15/2020,827
10/16/2020,775
10/19/2020,269
10/20/2020,1232
10/21/2020,2540
10/22/2020,1394
10/23/2020,839
10/26/2020,486
10/27/2020,460
10/28/2020,468
10/29/2020,436
10/30/2020,538
11/2/2020,397
11/3/2020,479
11/4/2020,534
11/5/2020,124
11/6/2020,183
11/9/2020,586
11/10/2020,463
11/11/2020,464
11/12/2020,713
11/13/2020,925
11/16/2020,2861
11/17/2020,2513
11/18/2020,3155
11/19/2020,2556
11/20/2020,1438
11/23/2020,1784
11/24/2020,2556
11/25/2020,2112
11/27/2020,1500
11/30/2020,2952
12/1/2020,2081
12/2/2020,2786
12/3/2020,990
12/4/2020,1830
12/7/2020,3287
12/8/2020,3943
12/9/2020,3619
12/10/2020,3197
12/11/2020,1649
12/14/2020,1688
12/15/2020,1716
12/16/2020,1653
12/17/2020,2200
12/18/2020,5302
12/21/2020,2436
12/22/2020,2107
12/23/2020,1189
12/24/2020,879
12/28/2020,930
12/29/2020,641
12/30/2020,1619
12/31/2020,2175
1/4/2021,1488
1/5/2021,2122
1/6/2021,2218
1/7/2021,5242
1/8/2021,7564
1/11/2021,5035
1/12/2021,3397
1/13/2021,2859
1/14/2021,2411
1/15/2021,1623
1/19/2021,1499
1/20/2021,1690
1/21/2021,1405
1/22/2021,1883
1/25/2021,198
1/26/2021,49
1/27/2021,2663
1/28/2021,2154
1/29/2021,2279
2/1/2021,1664
2/2/2021,1865
2/3/2021,804
2/4/2021,83
2/5/2021,24
2/8/2021,928
2/9/2021,640
2/10/2021,1726
2/11/2021,1471
2/12/2021,1628
2/16/2021,355
2/17/2021,779
2/18/2021,837
2/19/2021,771
2/22/2021,2388
2/23/2021,3021
2/24/2021,1832
2/25/2021,1833
2/26/2021,1256
3/1/2021,38
3/2/2021,939
3/3/2021,1337
3/4/2021,1451
3/5/2021,24
3/8/2021,1491
3/9/2021,2404
3/10/2021,1527
3/11/2021,1268
3/12/2021,916
3/15/2021,692
3/16/2021,874
3/17/2021,373
3/18/2021,123
3/19/2021,76
3/22/2021,342
3/23/2021,124
3/24/2021,231
3/25/2021,74
3/26/2021,93
3/29/2021,892
3/30/2021,1032
3/31/2021,1066
4/1/2021,1372
4/5/2021,1737
4/6/2021,686
4/7/2021,846
4/8/2021,622
4/9/2021,403
4/12/2021,87
4/13/2021,40
4/14/2021,1737
4/15/2021,982
4/16/2021,525
4/19/2021,931
4/20/2021,629
